Subject,Start Date,Start Time,End Date,End Time,All day event,Description,Location














1,2,3,4,5,6,7,8
1,2,3,4,5,6,7,9
1,2,3,4,5,6,7,10
1,2,3,4,5,6,7,11
1,2,3,4,5,6,7,12
1,2,3,4,5,6,7,13
1,2,3,4,5,6,7,14
1,2,3,4,5,6,7,15
1,2,3,4,5,6,7,16
1,2,3,4,5,6,7,17
1,2,3,4,5,6,7,18
1,2,3,4,5,6,7,19
1,2,3,4,5,6,7,20
1,2,3,4,5,6,7,21
1,2,3,4,5,6,7,22
1,2,3,4,5,6,7,23
1,2,3,4,5,6,7,24
1,2,3,4,5,6,7,25
1,2,3,4,5,6,7,26
1,2,3,4,5,6,7,27
1,2,3,4,5,6,7,28
1,2,3,4,5,6,7,29
1,2,3,4,5,6,7,30
1,2,3,4,5,6,7,31
1,2,3,4,5,6,7,32
1,2,3,4,5,6,7,33
